Run ID,Timestamp,Platform,Environment,Time Slot,Overall Status,Base URL,Total Duration (s),Date,Week,TC-01,TC-02,TC-03,TC-04,TC-05,TC-01 Duration (s),TC-02 Duration (s),TC-03 Duration (s),TC-04 Duration (s),TC-05 Duration (s),TC Passed,TC Warned,TC Failed,TC Total,Stability Grade,Total API Calls,Unique Endpoints,Slow API Count,Avg API (s),P50 API (s),P95 API (s),P99 API (s),Max API (s),Slowest Endpoint,TTFB (s),LCP (s),TTFB Grade,LCP Grade,Critical OK,Critical Total,All Critical Healthy,Console Errors,Network Failures,Longest Step (s),Longest Step ID,Longest Step Action,TC Breakdown,Failed TCs,Failure Reasons,Slow API Details,Critical Failures,All Step Timings,Endpoint Breakdown,Report Version,Slow Threshold (s)
run-1772780485547-ht4ibe,2026-03-06T14:01:25,hie,uat,afternoon,ช้ากว่าปกติ,,115.8,2026-03-06,2026-W10,PASS,PASS,PASS,PASS,PASS,6.4,0,29.4,80,0,5,0,0,5,B,72,19,10,1,0.5,3.6,4.6,4.6,/api/consent/out/doctor/request/by-case,0.1,0.9,Good,Good,4,4,true,2,0,41,S4_005,Verify Consent Result,TC-01:PASS | TC-02:PASS | TC-03:PASS | TC-04:PASS | TC-05:PASS,,,POST /api/consent/out/doctor/request/by-case 4562ms(200) | POST /api/patient/fhir-data-pulling/trigger 4502ms(200) | POST /api/hospital/hos-resource-status/get 3630ms(200) | POST /api/fhir 3477ms(200) | POST /api/fhir 3397ms(200),,"[{""step"":""S4_005"",""action"":""Verify Consent Result"",""ms"":40981},{""step"":""S4_004"",""action"":""Click Check Consent Button"",""ms"":33281},{""step"":""S3_001"",""action"":""Wait for Patient Data Sync"",""ms"":29435},{""step"":""S1_001"",""action"":""Login as OTHERS"",""ms"":6391},{""step"":""S4_001"",""action"":""Request Consent & Confirm Modal"",""ms"":5717}]","[{""endpoint"":""POST /api/consent/out/doctor/request/by-case"",""avg_ms"":4562,""max_ms"":4562,""calls"":1,""slow"":1},{""endpoint"":""POST /api/patient/fhir-data-pulling/trigger"",""avg_ms"":4502,""max_ms"":4502,""calls"":1,""slow"":1},{""endpoint"":""POST /api/hospital/hos-resource-status/get"",""avg_ms"":2139,""max_ms"":3630,""calls"":2,""slow"":1},{""endpoint"":""POST /api/fhir"",""avg_ms"":1556,""max_ms"":3477,""calls"":10,""slow"":4},{""endpoint"":""POST /api/consent/out/summary/get"",""avg_ms"":882,""max_ms"":2198,""calls"":4,""slow"":1},{""endpoint"":""POST /api/patient/fhir-info/mdps"",""avg_ms"":990,""max_ms"":2110,""calls"":4,""slow"":1},{""endpoint"":""GET /api/patient/consent-out/channel?patient_id=779269"",""avg_ms"":2097,""max_ms"":2097,""calls"":1,""slow"":1},{""endpoint"":""POST /api/auth/login/with-form-data"",""avg_ms"":622,""max_ms"":622,""calls"":1,""slow"":0},{""endpoint"":""GET /api/patient/fhir-data-pulling/status/server/84ec350e-4da8-4346-ad34-3a07adce..."",""avg_ms"":475,""max_ms"":539,""calls"":5,""slow"":0},{""endpoint"":""GET /api/patient/fhir-data-pulling/status/server/f5b0538f-ff2a-4a19-989e-289f21a2..."",""avg_ms"":452,""max_ms"":488,""calls"":8,""slow"":0},{""endpoint"":""GET /api/referral/mdp/status"",""avg_ms"":463,""max_ms"":463,""calls"":1,""slow"":0},{""endpoint"":""GET /api/patient/client-mgmt-ws-token/get"",""avg_ms"":403,""max_ms"":403,""calls"":1,""slow"":0},{""endpoint"":""GET /api/logging/queried-patient-list/by-doctor?page=1&size=5"",""avg_ms"":166,""max_ms"":166,""calls"":1,""slow"":0},{""endpoint"":""POST /api/auth/activate/mdp?mdp_id=163"",""avg_ms"":161,""max_ms"":161,""calls"":1,""slow"":0},{""endpoint"":""POST /api/patient/doctor-search"",""avg_ms"":143,""max_ms"":143,""calls"":1,""slow"":0},{""endpoint"":""POST /api/patient/demographic"",""avg_ms"":137,""max_ms"":137,""calls"":1,""slow"":0},{""endpoint"":""POST /api/auth/refresh-token"",""avg_ms"":108,""max_ms"":110,""calls"":2,""slow"":0},{""endpoint"":""GET /api/user/user-info"",""avg_ms"":96,""max_ms"":105,""calls"":2,""slow"":0},{""endpoint"":""GET /api/consent-form/terms-and-conditions"",""avg_ms"":72,""max_ms"":72,""calls"":1,""slow"":0}]",5.0,1.5
run-1773657744418-30ei1j,2026-03-16T17:42:24,hie,uat,afternoon,ช้ากว่าปกติ,,35.1,2026-03-16,2026-W12,PASS,PASS,PASS,PASS,PASS,9.8,0,15.7,9.5,0,5,0,0,5,B,55,19,6,0.9,0.4,3.4,4.2,4.2,/api/consent/out/doctor/request/by-case,0,3.7,Good,Needs Improvement,4,4,true,1,0,15.7,S3_001,Wait for Patient Data Sync,TC-01:PASS | TC-02:PASS | TC-03:PASS | TC-04:PASS | TC-05:PASS,,,POST /api/consent/out/doctor/request/by-case 4158ms(200) | POST /api/hospital/hos-resource-status/get 3383ms(200) | POST /api/fhir 3281ms(200) | POST /api/patient/fhir-data-pulling/trigger 2958ms(200) | POST /api/hospital/hos-resource-status/get 2638ms(200),,"[{""step"":""S3_001"",""action"":""Wait for Patient Data Sync"",""ms"":15731},{""step"":""S1_001"",""action"":""Login as OTHERS"",""ms"":6415},{""step"":""S4_001"",""action"":""Request Consent & Confirm Modal"",""ms"":4973},{""step"":""S4_002"",""action"":""Gmail API: Poll for Consent Email"",""ms"":4572},{""step"":""S1_000"",""action"":""Pre-flight: Site Health Check"",""ms"":3408}]","[{""endpoint"":""POST /api/consent/out/doctor/request/by-case"",""avg_ms"":4158,""max_ms"":4158,""calls"":1,""slow"":1},{""endpoint"":""POST /api/hospital/hos-resource-status/get"",""avg_ms"":2405,""max_ms"":3383,""calls"":3,""slow"":2},{""endpoint"":""POST /api/fhir"",""avg_ms"":1633,""max_ms"":3281,""calls"":5,""slow"":2},{""endpoint"":""POST /api/patient/fhir-data-pulling/trigger"",""avg_ms"":2958,""max_ms"":2958,""calls"":1,""slow"":1},{""endpoint"":""POST /api/patient/fhir-info/mdps"",""avg_ms"":824,""max_ms"":1195,""calls"":2,""slow"":0},{""endpoint"":""POST /api/consent/out/summary/get"",""avg_ms"":537,""max_ms"":1195,""calls"":4,""slow"":0},{""endpoint"":""GET /api/patient/consent-out/channel?patient_id=779269"",""avg_ms"":1194,""max_ms"":1194,""calls"":1,""slow"":0},{""endpoint"":""POST /api/auth/login/with-form-data"",""avg_ms"":599,""max_ms"":599,""calls"":1,""slow"":0},{""endpoint"":""GET /api/patient/fhir-data-pulling/status/server/30cb5151-c8c1-4f82-beab-061f0b3b..."",""avg_ms"":421,""max_ms"":579,""calls"":5,""slow"":0},{""endpoint"":""GET /api/patient/fhir-data-pulling/status/server/eb0cb247-2e90-4998-af4f-6ba2e9e2..."",""avg_ms"":431,""max_ms"":578,""calls"":3,""slow"":0},{""endpoint"":""GET /api/referral/mdp/status"",""avg_ms"":476,""max_ms"":476,""calls"":1,""slow"":0},{""endpoint"":""GET /api/patient/client-mgmt-ws-token/get"",""avg_ms"":421,""max_ms"":421,""calls"":1,""slow"":0},{""endpoint"":""GET /api/logging/queried-patient-list/by-doctor?page=1&size=5"",""avg_ms"":251,""max_ms"":251,""calls"":1,""slow"":0},{""endpoint"":""GET /api/user/user-info"",""avg_ms"":115,""max_ms"":129,""calls"":2,""slow"":0},{""endpoint"":""GET /api/consent-form/terms-and-conditions"",""avg_ms"":126,""max_ms"":126,""calls"":1,""slow"":0},{""endpoint"":""POST /api/auth/refresh-token"",""avg_ms"":112,""max_ms"":120,""calls"":2,""slow"":0},{""endpoint"":""POST /api/patient/demographic"",""avg_ms"":114,""max_ms"":114,""calls"":1,""slow"":0},{""endpoint"":""POST /api/auth/activate/mdp?mdp_id=163"",""avg_ms"":106,""max_ms"":106,""calls"":1,""slow"":0},{""endpoint"":""POST /api/patient/doctor-search"",""avg_ms"":94,""max_ms"":94,""calls"":1,""slow"":0}]",5.0,1.5
run-1773734778251-4f3u0f,2026-03-17T15:06:18,hie,uat,afternoon,ช้ากว่าปกติ,,43.1,2026-03-17,2026-W12,PASS,PASS,PASS,PASS,PASS,6.3,0,23.2,10.4,3.2,5,0,0,5,B,45,19,13,1.3,0.8,5.5,5.5,5.5,/api/patient/fhir-data-pulling/trigger,0.1,1.1,Good,Good,4,4,true,1,0,23.2,S3_001,Wait for Patient Data Sync,TC-01:PASS | TC-02:PASS | TC-03:PASS | TC-04:PASS | TC-05:PASS,,,POST /api/patient/fhir-data-pulling/trigger 5520ms(200) | POST /api/hospital/hos-resource-status/get 5482ms(200) | POST /api/consent/out/doctor/request/by-case 4768ms(200) | POST /api/patient/fhir-info/mdps 2889ms(200) | POST /api/fhir 2808ms(200),,"[{""step"":""S3_001"",""action"":""Wait for Patient Data Sync"",""ms"":23168},{""step"":""S1_001"",""action"":""Login as OTHERS"",""ms"":6326},{""step"":""S4_001"",""action"":""Request Consent & Confirm Modal"",""ms"":5797},{""step"":""S4_002"",""action"":""Gmail API: Poll for Consent Email"",""ms"":4598},{""step"":""S5_001"",""action"":""Generate System Health Report"",""ms"":3205}]","[{""endpoint"":""POST /api/patient/fhir-data-pulling/trigger"",""avg_ms"":5520,""max_ms"":5520,""calls"":1,""slow"":1},{""endpoint"":""POST /api/hospital/hos-resource-status/get"",""avg_ms"":5482,""max_ms"":5482,""calls"":1,""slow"":1},{""endpoint"":""POST /api/consent/out/doctor/request/by-case"",""avg_ms"":4768,""max_ms"":4768,""calls"":1,""slow"":1},{""endpoint"":""POST /api/patient/fhir-info/mdps"",""avg_ms"":1865,""max_ms"":2889,""calls"":3,""slow"":2},{""endpoint"":""POST /api/fhir"",""avg_ms"":1618,""max_ms"":2808,""calls"":4,""slow"":2},{""endpoint"":""POST /api/consent/out/summary/get"",""avg_ms"":653,""max_ms"":1667,""calls"":4,""slow"":1},{""endpoint"":""GET /api/patient/consent-out/channel?patient_id=779269"",""avg_ms"":1651,""max_ms"":1651,""calls"":1,""slow"":1},{""endpoint"":""GET /api/patient/fhir-data-pulling/status/server/3b053393-3046-4f28-899c-c9fd1970..."",""avg_ms"":1103,""max_ms"":1562,""calls"":5,""slow"":2},{""endpoint"":""GET /api/patient/fhir-data-pulling/status/server/ac66e71a-ae7f-4446-8fa8-05002057..."",""avg_ms"":1281,""max_ms"":1554,""calls"":3,""slow"":2},{""endpoint"":""GET /api/patient/client-mgmt-ws-token/get"",""avg_ms"":625,""max_ms"":625,""calls"":1,""slow"":0},{""endpoint"":""GET /api/referral/mdp/status"",""avg_ms"":507,""max_ms"":507,""calls"":1,""slow"":0},{""endpoint"":""POST /api/auth/login/with-form-data"",""avg_ms"":447,""max_ms"":447,""calls"":1,""slow"":0},{""endpoint"":""GET /api/logging/queried-patient-list/by-doctor?page=1&size=5"",""avg_ms"":187,""max_ms"":187,""calls"":1,""slow"":0},{""endpoint"":""POST /api/patient/demographic"",""avg_ms"":160,""max_ms"":160,""calls"":1,""slow"":0},{""endpoint"":""GET /api/user/user-info"",""avg_ms"":133,""max_ms"":146,""calls"":2,""slow"":0},{""endpoint"":""POST /api/auth/refresh-token"",""avg_ms"":110,""max_ms"":132,""calls"":2,""slow"":0},{""endpoint"":""POST /api/auth/activate/mdp?mdp_id=163"",""avg_ms"":129,""max_ms"":129,""calls"":1,""slow"":0},{""endpoint"":""POST /api/patient/doctor-search"",""avg_ms"":112,""max_ms"":112,""calls"":1,""slow"":0},{""endpoint"":""GET /api/consent-form/terms-and-conditions"",""avg_ms"":96,""max_ms"":96,""calls"":1,""slow"":0}]",5.0,1.5
run-1773799577104-u6bey9,2026-03-18T09:06:17,hie,uat,morning,ช้ากว่าปกติ,,45.6,2026-03-18,2026-W12,PASS,PASS,PASS,PASS,PASS,6.8,4.1,24.3,10.4,0,5,0,0,5,B,61,19,10,0.9,0.4,3.7,4.8,4.8,/api/consent/out/doctor/request/by-case,0.1,3.9,Good,Needs Improvement,4,4,true,1,0,24.3,S3_001,Wait for Patient Data Sync,TC-01:PASS | TC-02:PASS | TC-03:PASS | TC-04:PASS | TC-05:PASS,,,POST /api/consent/out/doctor/request/by-case 4767ms(200) | POST /api/patient/fhir-data-pulling/trigger 3662ms(200) | POST /api/hospital/hos-resource-status/get 3615ms(200) | POST /api/fhir 2865ms(200) | GET /api/logging/queried-patient-list/by-doctor 2249ms(200),,"[{""step"":""S3_001"",""action"":""Wait for Patient Data Sync"",""ms"":24257},{""step"":""S1_001"",""action"":""Login as OTHERS"",""ms"":6817},{""step"":""S4_001"",""action"":""Request Consent & Confirm Modal"",""ms"":5799},{""step"":""S4_002"",""action"":""Gmail API: Poll for Consent Email"",""ms"":4602},{""step"":""S2_002"",""action"":""Search Patient by CID"",""ms"":4130}]","[{""endpoint"":""POST /api/consent/out/doctor/request/by-case"",""avg_ms"":4767,""max_ms"":4767,""calls"":1,""slow"":1},{""endpoint"":""POST /api/patient/fhir-data-pulling/trigger"",""avg_ms"":3662,""max_ms"":3662,""calls"":1,""slow"":1},{""endpoint"":""POST /api/hospital/hos-resource-status/get"",""avg_ms"":2100,""max_ms"":3615,""calls"":3,""slow"":2},{""endpoint"":""POST /api/fhir"",""avg_ms"":1247,""max_ms"":2865,""calls"":5,""slow"":2},{""endpoint"":""GET /api/logging/queried-patient-list/by-doctor?page=1&size=5"",""avg_ms"":2249,""max_ms"":2249,""calls"":1,""slow"":1},{""endpoint"":""POST /api/consent/out/summary/get"",""avg_ms"":812,""max_ms"":1789,""calls"":3,""slow"":1},{""endpoint"":""POST /api/patient/fhir-info/mdps"",""avg_ms"":857,""max_ms"":1770,""calls"":3,""slow"":1},{""endpoint"":""GET /api/patient/consent-out/channel?patient_id=779269"",""avg_ms"":1706,""max_ms"":1706,""calls"":1,""slow"":1},{""endpoint"":""POST /api/auth/login/with-form-data"",""avg_ms"":898,""max_ms"":898,""calls"":1,""slow"":0},{""endpoint"":""GET /api/patient/fhir-data-pulling/status/server/0f6f8aae-f0da-4826-90b9-41ef302e..."",""avg_ms"":393,""max_ms"":553,""calls"":7,""slow"":0},{""endpoint"":""GET /api/patient/fhir-data-pulling/status/server/0a678acf-dc47-4037-95bd-c3a267c9..."",""avg_ms"":461,""max_ms"":553,""calls"":4,""slow"":0},{""endpoint"":""GET /api/referral/mdp/status"",""avg_ms"":522,""max_ms"":522,""calls"":1,""slow"":0},{""endpoint"":""GET /api/patient/client-mgmt-ws-token/get"",""avg_ms"":468,""max_ms"":468,""calls"":1,""slow"":0},{""endpoint"":""POST /api/auth/activate/mdp?mdp_id=163"",""avg_ms"":319,""max_ms"":319,""calls"":1,""slow"":0},{""endpoint"":""POST /api/patient/doctor-search"",""avg_ms"":238,""max_ms"":238,""calls"":1,""slow"":0},{""endpoint"":""GET /api/user/user-info"",""avg_ms"":161,""max_ms"":195,""calls"":2,""slow"":0},{""endpoint"":""POST /api/auth/refresh-token"",""avg_ms"":133,""max_ms"":174,""calls"":2,""slow"":0},{""endpoint"":""POST /api/patient/demographic"",""avg_ms"":166,""max_ms"":166,""calls"":1,""slow"":0},{""endpoint"":""GET /api/consent-form/terms-and-conditions"",""avg_ms"":109,""max_ms"":109,""calls"":1,""slow"":0}]",5.0,1.5
run-1773819122016-nuuxod,2026-03-18T14:32:02,hie,uat,afternoon,ช้ากว่าปกติ,,37.4,2026-03-18,2026-W12,PASS,PASS,PASS,PASS,PASS,9.9,0,16.8,10.7,0,5,0,0,5,B,55,19,6,1,0.5,4.3,5.5,5.5,/api/consent/out/doctor/request/by-case,0.1,3.8,Good,Needs Improvement,4,4,true,1,0,16.8,S3_001,Wait for Patient Data Sync,TC-01:PASS | TC-02:PASS | TC-03:PASS | TC-04:PASS | TC-05:PASS,,,POST /api/consent/out/doctor/request/by-case 5467ms(200) | POST /api/hospital/hos-resource-status/get 4348ms(200) | POST /api/fhir 3513ms(200) | POST /api/patient/fhir-data-pulling/trigger 3254ms(200) | POST /api/hospital/hos-resource-status/get 3220ms(200),,"[{""step"":""S3_001"",""action"":""Wait for Patient Data Sync"",""ms"":16774},{""step"":""S1_001"",""action"":""Login as OTHERS"",""ms"":6336},{""step"":""S4_001"",""action"":""Request Consent & Confirm Modal"",""ms"":6099},{""step"":""S4_002"",""action"":""Gmail API: Poll for Consent Email"",""ms"":4639},{""step"":""S1_000"",""action"":""Pre-flight: Site Health Check"",""ms"":3526}]","[{""endpoint"":""POST /api/consent/out/doctor/request/by-case"",""avg_ms"":5467,""max_ms"":5467,""calls"":1,""slow"":1},{""endpoint"":""POST /api/hospital/hos-resource-status/get"",""avg_ms"":3080,""max_ms"":4348,""calls"":3,""slow"":3},{""endpoint"":""POST /api/fhir"",""avg_ms"":1517,""max_ms"":3513,""calls"":4,""slow"":1},{""endpoint"":""POST /api/patient/fhir-data-pulling/trigger"",""avg_ms"":3254,""max_ms"":3254,""calls"":1,""slow"":1},{""endpoint"":""GET /api/patient/consent-out/channel?patient_id=779269"",""avg_ms"":958,""max_ms"":958,""calls"":1,""slow"":0},{""endpoint"":""POST /api/patient/fhir-info/mdps"",""avg_ms"":686,""max_ms"":906,""calls"":2,""slow"":0},{""endpoint"":""POST /api/consent/out/summary/get"",""avg_ms"":405,""max_ms"":690,""calls"":3,""slow"":0},{""endpoint"":""GET /api/patient/fhir-data-pulling/status/server/fce8343d-f997-4431-afab-52ba8840..."",""avg_ms"":441,""max_ms"":625,""calls"":5,""slow"":0},{""endpoint"":""GET /api/patient/fhir-data-pulling/status/server/aae002a2-6fa8-4a41-8ce2-0b0212c7..."",""avg_ms"":436,""max_ms"":614,""calls"":4,""slow"":0},{""endpoint"":""POST /api/auth/login/with-form-data"",""avg_ms"":583,""max_ms"":583,""calls"":1,""slow"":0},{""endpoint"":""GET /api/patient/client-mgmt-ws-token/get"",""avg_ms"":498,""max_ms"":498,""calls"":1,""slow"":0},{""endpoint"":""POST /api/patient/demographic"",""avg_ms"":493,""max_ms"":493,""calls"":1,""slow"":0},{""endpoint"":""GET /api/referral/mdp/status"",""avg_ms"":454,""max_ms"":454,""calls"":1,""slow"":0},{""endpoint"":""POST /api/auth/refresh-token"",""avg_ms"":209,""max_ms"":327,""calls"":2,""slow"":0},{""endpoint"":""POST /api/auth/activate/mdp?mdp_id=163"",""avg_ms"":318,""max_ms"":318,""calls"":1,""slow"":0},{""endpoint"":""GET /api/logging/queried-patient-list/by-doctor?page=1&size=5"",""avg_ms"":274,""max_ms"":274,""calls"":1,""slow"":0},{""endpoint"":""POST /api/patient/doctor-search"",""avg_ms"":195,""max_ms"":195,""calls"":1,""slow"":0},{""endpoint"":""GET /api/user/user-info"",""avg_ms"":137,""max_ms"":138,""calls"":2,""slow"":0},{""endpoint"":""GET /api/consent-form/terms-and-conditions"",""avg_ms"":104,""max_ms"":104,""calls"":1,""slow"":0}]",5.0,1.5
run-1773830047930-7r5er4,2026-03-18T17:34:07,hie,uat,afternoon,ช้ากว่าปกติ,,35.8,2026-03-18,2026-W12,PASS,PASS,PASS,PASS,PASS,9.8,0,16.3,9.7,0,5,0,0,5,B,57,19,7,0.8,0.4,2.7,4.2,4.2,/api/consent/out/doctor/request/by-case,0.2,3.9,Good,Needs Improvement,4,4,true,1,0,16.3,S3_001,Wait for Patient Data Sync,TC-01:PASS | TC-02:PASS | TC-03:PASS | TC-04:PASS | TC-05:PASS,,,POST /api/consent/out/doctor/request/by-case 4162ms(200) | POST /api/patient/fhir-data-pulling/trigger 2740ms(200) | POST /api/hospital/hos-resource-status/get 1969ms(200) | POST /api/fhir 1876ms(200) | POST /api/hospital/hos-resource-status/get 1755ms(200),,"[{""step"":""S3_001"",""action"":""Wait for Patient Data Sync"",""ms"":16302},{""step"":""S1_001"",""action"":""Login as OTHERS"",""ms"":6209},{""step"":""S4_001"",""action"":""Request Consent & Confirm Modal"",""ms"":5121},{""step"":""S4_002"",""action"":""Gmail API: Poll for Consent Email"",""ms"":4602},{""step"":""S1_000"",""action"":""Pre-flight: Site Health Check"",""ms"":3556}]","[{""endpoint"":""POST /api/consent/out/doctor/request/by-case"",""avg_ms"":4162,""max_ms"":4162,""calls"":1,""slow"":1},{""endpoint"":""POST /api/patient/fhir-data-pulling/trigger"",""avg_ms"":2740,""max_ms"":2740,""calls"":1,""slow"":1},{""endpoint"":""POST /api/hospital/hos-resource-status/get"",""avg_ms"":1542,""max_ms"":1969,""calls"":3,""slow"":2},{""endpoint"":""POST /api/fhir"",""avg_ms"":1348,""max_ms"":1876,""calls"":5,""slow"":3},{""endpoint"":""GET /api/patient/fhir-data-pulling/status/server/e520d173-0f10-448a-a411-05aa8c21..."",""avg_ms"":694,""max_ms"":1274,""calls"":3,""slow"":0},{""endpoint"":""GET /api/patient/fhir-data-pulling/status/server/d7748a46-2ded-42e4-b794-cfac3211..."",""avg_ms"":546,""max_ms"":1269,""calls"":5,""slow"":0},{""endpoint"":""POST /api/consent/out/summary/get"",""avg_ms"":377,""max_ms"":683,""calls"":3,""slow"":0},{""endpoint"":""POST /api/patient/fhir-info/mdps"",""avg_ms"":472,""max_ms"":498,""calls"":2,""slow"":0},{""endpoint"":""GET /api/logging/queried-patient-list/by-doctor?page=1&size=5"",""avg_ms"":433,""max_ms"":433,""calls"":1,""slow"":0},{""endpoint"":""POST /api/auth/login/with-form-data"",""avg_ms"":424,""max_ms"":424,""calls"":1,""slow"":0},{""endpoint"":""GET /api/patient/client-mgmt-ws-token/get"",""avg_ms"":379,""max_ms"":379,""calls"":1,""slow"":0},{""endpoint"":""POST /api/patient/demographic"",""avg_ms"":360,""max_ms"":360,""calls"":1,""slow"":0},{""endpoint"":""GET /api/referral/mdp/status"",""avg_ms"":328,""max_ms"":328,""calls"":1,""slow"":0},{""endpoint"":""POST /api/patient/doctor-search"",""avg_ms"":200,""max_ms"":200,""calls"":1,""slow"":0},{""endpoint"":""POST /api/auth/refresh-token"",""avg_ms"":110,""max_ms"":125,""calls"":2,""slow"":0},{""endpoint"":""GET /api/patient/consent-out/channel?patient_id=779269"",""avg_ms"":123,""max_ms"":123,""calls"":1,""slow"":0},{""endpoint"":""GET /api/user/user-info"",""avg_ms"":117,""max_ms"":120,""calls"":2,""slow"":0},{""endpoint"":""POST /api/auth/activate/mdp?mdp_id=163"",""avg_ms"":113,""max_ms"":113,""calls"":1,""slow"":0},{""endpoint"":""GET /api/consent-form/terms-and-conditions"",""avg_ms"":100,""max_ms"":100,""calls"":1,""slow"":0}]",5.0,1.5
run-1773886177477-r08gne,2026-03-19T09:09:37,hie,uat,morning,ช้ากว่าปกติ,,36.5,2026-03-19,2026-W12,PASS,PASS,PASS,PASS,PASS,10.3,0,16.2,10,0,5,0,0,5,B,57,19,8,1,0.5,3.3,4.4,4.4,/api/consent/out/doctor/request/by-case,0.2,4,Good,Poor,4,4,true,1,0,16.2,S3_001,Wait for Patient Data Sync,TC-01:PASS | TC-02:PASS | TC-03:PASS | TC-04:PASS | TC-05:PASS,,,POST /api/consent/out/doctor/request/by-case 4372ms(200) | POST /api/patient/fhir-data-pulling/trigger 3339ms(200) | POST /api/hospital/hos-resource-status/get 3269ms(200) | POST /api/hospital/hos-resource-status/get 2681ms(200) | POST /api/fhir 2242ms(200),,"[{""step"":""S3_001"",""action"":""Wait for Patient Data Sync"",""ms"":16151},{""step"":""S1_001"",""action"":""Login as OTHERS"",""ms"":6555},{""step"":""S4_001"",""action"":""Request Consent & Confirm Modal"",""ms"":5426},{""step"":""S4_002"",""action"":""Gmail API: Poll for Consent Email"",""ms"":4622},{""step"":""S1_000"",""action"":""Pre-flight: Site Health Check"",""ms"":3705}]","[{""endpoint"":""POST /api/consent/out/doctor/request/by-case"",""avg_ms"":4372,""max_ms"":4372,""calls"":1,""slow"":1},{""endpoint"":""POST /api/patient/fhir-data-pulling/trigger"",""avg_ms"":3339,""max_ms"":3339,""calls"":1,""slow"":1},{""endpoint"":""POST /api/hospital/hos-resource-status/get"",""avg_ms"":2291,""max_ms"":3269,""calls"":3,""slow"":2},{""endpoint"":""POST /api/fhir"",""avg_ms"":1468,""max_ms"":2242,""calls"":5,""slow"":3},{""endpoint"":""GET /api/logging/queried-patient-list/by-doctor?page=1&size=5"",""avg_ms"":2074,""max_ms"":2074,""calls"":1,""slow"":1},{""endpoint"":""GET /api/patient/consent-out/channel?patient_id=779269"",""avg_ms"":1096,""max_ms"":1096,""calls"":1,""slow"":0},{""endpoint"":""POST /api/patient/fhir-info/mdps"",""avg_ms"":815,""max_ms"":1094,""calls"":2,""slow"":0},{""endpoint"":""POST /api/consent/out/summary/get"",""avg_ms"":542,""max_ms"":1021,""calls"":3,""slow"":0},{""endpoint"":""POST /api/auth/login/with-form-data"",""avg_ms"":603,""max_ms"":603,""calls"":1,""slow"":0},{""endpoint"":""GET /api/referral/mdp/status"",""avg_ms"":499,""max_ms"":499,""calls"":1,""slow"":0},{""endpoint"":""GET /api/patient/fhir-data-pulling/status/server/64665daa-7dbc-452c-996e-60f650c6..."",""avg_ms"":355,""max_ms"":471,""calls"":5,""slow"":0},{""endpoint"":""GET /api/patient/fhir-data-pulling/status/server/4062c592-03d8-42d7-a665-a6c363c3..."",""avg_ms"":430,""max_ms"":460,""calls"":3,""slow"":0},{""endpoint"":""GET /api/patient/client-mgmt-ws-token/get"",""avg_ms"":427,""max_ms"":427,""calls"":1,""slow"":0},{""endpoint"":""GET /api/user/user-info"",""avg_ms"":216,""max_ms"":237,""calls"":2,""slow"":0},{""endpoint"":""POST /api/auth/activate/mdp?mdp_id=163"",""avg_ms"":194,""max_ms"":194,""calls"":1,""slow"":0},{""endpoint"":""GET /api/consent-form/terms-and-conditions"",""avg_ms"":167,""max_ms"":167,""calls"":1,""slow"":0},{""endpoint"":""POST /api/patient/demographic"",""avg_ms"":149,""max_ms"":149,""calls"":1,""slow"":0},{""endpoint"":""POST /api/auth/refresh-token"",""avg_ms"":116,""max_ms"":145,""calls"":2,""slow"":0},{""endpoint"":""POST /api/patient/doctor-search"",""avg_ms"":113,""max_ms"":113,""calls"":1,""slow"":0}]",5.0,1.5
run-1773908356718-jcj9er,2026-03-19T15:19:16,hie,uat,afternoon,ช้ากว่าปกติ,,40.4,2026-03-19,2026-W12,PASS,PASS,PASS,PASS,PASS,9.8,0,20.6,10,0,5,0,0,5,B,59,19,3,0.7,0.5,3.1,4.2,4.2,/api/consent/out/doctor/request/by-case,0.1,3.9,Good,Needs Improvement,4,4,true,1,0,20.6,S3_001,Wait for Patient Data Sync,TC-01:PASS | TC-02:PASS | TC-03:PASS | TC-04:PASS | TC-05:PASS,,,POST /api/consent/out/doctor/request/by-case 4238ms(200) | POST /api/patient/fhir-data-pulling/trigger 3102ms(200) | POST /api/hospital/hos-resource-status/get 1581ms(200) | POST /api/patient/fhir-info/mdps 1252ms(200) | POST /api/patient/fhir-info/mdps 1226ms(200),,"[{""step"":""S3_001"",""action"":""Wait for Patient Data Sync"",""ms"":20565},{""step"":""S1_001"",""action"":""Login as OTHERS"",""ms"":6256},{""step"":""S4_001"",""action"":""Request Consent & Confirm Modal"",""ms"":5359},{""step"":""S4_002"",""action"":""Gmail API: Poll for Consent Email"",""ms"":4663},{""step"":""S1_000"",""action"":""Pre-flight: Site Health Check"",""ms"":3529}]","[{""endpoint"":""POST /api/consent/out/doctor/request/by-case"",""avg_ms"":4238,""max_ms"":4238,""calls"":1,""slow"":1},{""endpoint"":""POST /api/patient/fhir-data-pulling/trigger"",""avg_ms"":3102,""max_ms"":3102,""calls"":1,""slow"":1},{""endpoint"":""POST /api/hospital/hos-resource-status/get"",""avg_ms"":1066,""max_ms"":1581,""calls"":3,""slow"":1},{""endpoint"":""POST /api/patient/fhir-info/mdps"",""avg_ms"":992,""max_ms"":1252,""calls"":3,""slow"":0},{""endpoint"":""POST /api/consent/out/summary/get"",""avg_ms"":514,""max_ms"":1183,""calls"":3,""slow"":0},{""endpoint"":""GET /api/patient/consent-out/channel?patient_id=779269"",""avg_ms"":1157,""max_ms"":1157,""calls"":1,""slow"":0},{""endpoint"":""GET /api/patient/fhir-data-pulling/status/server/298f2300-b455-4c1a-905f-be270c83..."",""avg_ms"":655,""max_ms"":1021,""calls"":3,""slow"":0},{""endpoint"":""POST /api/fhir"",""avg_ms"":787,""max_ms"":998,""calls"":4,""slow"":0},{""endpoint"":""GET /api/patient/client-mgmt-ws-token/get"",""avg_ms"":688,""max_ms"":688,""calls"":1,""slow"":0},{""endpoint"":""GET /api/patient/fhir-data-pulling/status/server/2ba93500-955c-4323-8fa3-994aa0f8..."",""avg_ms"":393,""max_ms"":533,""calls"":6,""slow"":0},{""endpoint"":""GET /api/referral/mdp/status"",""avg_ms"":468,""max_ms"":468,""calls"":1,""slow"":0},{""endpoint"":""POST /api/auth/login/with-form-data"",""avg_ms"":460,""max_ms"":460,""calls"":1,""slow"":0},{""endpoint"":""GET /api/logging/queried-patient-list/by-doctor?page=1&size=5"",""avg_ms"":399,""max_ms"":399,""calls"":1,""slow"":0},{""endpoint"":""GET /api/user/user-info"",""avg_ms"":209,""max_ms"":294,""calls"":2,""slow"":0},{""endpoint"":""GET /api/consent-form/terms-and-conditions"",""avg_ms"":219,""max_ms"":219,""calls"":1,""slow"":0},{""endpoint"":""POST /api/patient/doctor-search"",""avg_ms"":141,""max_ms"":141,""calls"":1,""slow"":0},{""endpoint"":""POST /api/auth/activate/mdp?mdp_id=163"",""avg_ms"":140,""max_ms"":140,""calls"":1,""slow"":0},{""endpoint"":""POST /api/patient/demographic"",""avg_ms"":139,""max_ms"":139,""calls"":1,""slow"":0},{""endpoint"":""POST /api/auth/refresh-token"",""avg_ms"":115,""max_ms"":133,""calls"":2,""slow"":0}]",5.0,1.5
run-1773985173290-om44ny,2026-03-20T12:39:33,hie,uat,afternoon,ช้ากว่าปกติ,,35.5,2026-03-20,2026-W12,PASS,PASS,PASS,PASS,PASS,10,0,15.8,9.6,0,5,0,0,5,B,57,19,5,0.8,0.4,3.1,4.4,4.4,/api/consent/out/doctor/request/by-case,0.1,4,Good,Needs Improvement,4,4,true,1,0,15.8,S3_001,Wait for Patient Data Sync,TC-01:PASS | TC-02:PASS | TC-03:PASS | TC-04:PASS | TC-05:PASS,,,POST /api/consent/out/doctor/request/by-case 4353ms(200) | POST /api/hospital/hos-resource-status/get 3109ms(200) | POST /api/patient/fhir-data-pulling/trigger 2717ms(200) | POST /api/fhir 2403ms(200) | POST /api/fhir 1749ms(200),,"[{""step"":""S3_001"",""action"":""Wait for Patient Data Sync"",""ms"":15847},{""step"":""S1_001"",""action"":""Login as OTHERS"",""ms"":6376},{""step"":""S4_001"",""action"":""Request Consent & Confirm Modal"",""ms"":4878},{""step"":""S4_002"",""action"":""Gmail API: Poll for Consent Email"",""ms"":4738},{""step"":""S1_000"",""action"":""Pre-flight: Site Health Check"",""ms"":3647}]","[{""endpoint"":""POST /api/consent/out/doctor/request/by-case"",""avg_ms"":4353,""max_ms"":4353,""calls"":1,""slow"":1},{""endpoint"":""POST /api/hospital/hos-resource-status/get"",""avg_ms"":1499,""max_ms"":3109,""calls"":3,""slow"":1},{""endpoint"":""POST /api/patient/fhir-data-pulling/trigger"",""avg_ms"":2717,""max_ms"":2717,""calls"":1,""slow"":1},{""endpoint"":""POST /api/fhir"",""avg_ms"":1257,""max_ms"":2403,""calls"":5,""slow"":2},{""endpoint"":""POST /api/patient/fhir-info/mdps"",""avg_ms"":907,""max_ms"":1368,""calls"":2,""slow"":0},{""endpoint"":""POST /api/consent/out/summary/get"",""avg_ms"":569,""max_ms"":1315,""calls"":3,""slow"":0},{""endpoint"":""GET /api/patient/consent-out/channel?patient_id=779269"",""avg_ms"":1287,""max_ms"":1287,""calls"":1,""slow"":0},{""endpoint"":""GET /api/patient/fhir-data-pulling/status/server/811e6c1b-c523-4c8c-a217-07fb7b48..."",""avg_ms"":468,""max_ms"":598,""calls"":3,""slow"":0},{""endpoint"":""GET /api/patient/fhir-data-pulling/status/server/ea38eb3f-9339-4dfa-aeb4-384c8616..."",""avg_ms"":380,""max_ms"":589,""calls"":5,""slow"":0},{""endpoint"":""POST /api/auth/login/with-form-data"",""avg_ms"":555,""max_ms"":555,""calls"":1,""slow"":0},{""endpoint"":""GET /api/referral/mdp/status"",""avg_ms"":311,""max_ms"":311,""calls"":1,""slow"":0},{""endpoint"":""POST /api/auth/activate/mdp?mdp_id=163"",""avg_ms"":305,""max_ms"":305,""calls"":1,""slow"":0},{""endpoint"":""GET /api/patient/client-mgmt-ws-token/get"",""avg_ms"":302,""max_ms"":302,""calls"":1,""slow"":0},{""endpoint"":""POST /api/patient/doctor-search"",""avg_ms"":201,""max_ms"":201,""calls"":1,""slow"":0},{""endpoint"":""GET /api/logging/queried-patient-list/by-doctor?page=1&size=5"",""avg_ms"":182,""max_ms"":182,""calls"":1,""slow"":0},{""endpoint"":""POST /api/patient/demographic"",""avg_ms"":141,""max_ms"":141,""calls"":1,""slow"":0},{""endpoint"":""POST /api/auth/refresh-token"",""avg_ms"":118,""max_ms"":138,""calls"":2,""slow"":0},{""endpoint"":""GET /api/user/user-info"",""avg_ms"":124,""max_ms"":128,""calls"":2,""slow"":0},{""endpoint"":""GET /api/consent-form/terms-and-conditions"",""avg_ms"":99,""max_ms"":99,""calls"":1,""slow"":0}]",5.0,1.5
run-1773996647278-xge08j,2026-03-20T15:50:47,hie,uat,afternoon,ช้ากว่าปกติ,,37.4,2026-03-20,2026-W12,PASS,PASS,PASS,PASS,PASS,6.4,0,16.9,10.9,3.2,5,0,0,5,B,57,19,6,0.9,0.6,3.3,5.1,5.1,/api/consent/out/doctor/request/by-case,0.2,1.1,Good,Good,4,4,true,1,0,16.9,S3_001,Wait for Patient Data Sync,TC-01:PASS | TC-02:PASS | TC-03:PASS | TC-04:PASS | TC-05:PASS,,,POST /api/consent/out/doctor/request/by-case 5051ms(200) | POST /api/patient/fhir-data-pulling/trigger 3290ms(200) | POST /api/hospital/hos-resource-status/get 2628ms(200) | POST /api/hospital/hos-resource-status/get 2618ms(200) | POST /api/fhir 1945ms(200),,"[{""step"":""S3_001"",""action"":""Wait for Patient Data Sync"",""ms"":16885},{""step"":""S1_001"",""action"":""Login as OTHERS"",""ms"":6379},{""step"":""S4_001"",""action"":""Request Consent & Confirm Modal"",""ms"":6109},{""step"":""S4_002"",""action"":""Gmail API: Poll for Consent Email"",""ms"":4817},{""step"":""S5_001"",""action"":""Generate System Health Report"",""ms"":3230}]","[{""endpoint"":""POST /api/consent/out/doctor/request/by-case"",""avg_ms"":5051,""max_ms"":5051,""calls"":1,""slow"":1},{""endpoint"":""POST /api/patient/fhir-data-pulling/trigger"",""avg_ms"":3290,""max_ms"":3290,""calls"":1,""slow"":1},{""endpoint"":""POST /api/hospital/hos-resource-status/get"",""avg_ms"":1793,""max_ms"":2628,""calls"":3,""slow"":2},{""endpoint"":""POST /api/fhir"",""avg_ms"":1397,""max_ms"":1945,""calls"":5,""slow"":2},{""endpoint"":""POST /api/consent/out/summary/get"",""avg_ms"":437,""max_ms"":939,""calls"":3,""slow"":0},{""endpoint"":""GET /api/patient/consent-out/channel?patient_id=779269"",""avg_ms"":918,""max_ms"":918,""calls"":1,""slow"":0},{""endpoint"":""POST /api/patient/fhir-info/mdps"",""avg_ms"":721,""max_ms"":918,""calls"":2,""slow"":0},{""endpoint"":""GET /api/patient/fhir-data-pulling/status/server/421dfa4e-537a-4c16-b6e2-10078152..."",""avg_ms"":586,""max_ms"":654,""calls"":4,""slow"":0},{""endpoint"":""GET /api/patient/fhir-data-pulling/status/server/312b06cc-8d15-4677-bcc2-6e4e5837..."",""avg_ms"":584,""max_ms"":645,""calls"":4,""slow"":0},{""endpoint"":""POST /api/auth/login/with-form-data"",""avg_ms"":600,""max_ms"":600,""calls"":1,""slow"":0},{""endpoint"":""GET /api/referral/mdp/status"",""avg_ms"":493,""max_ms"":493,""calls"":1,""slow"":0},{""endpoint"":""GET /api/patient/client-mgmt-ws-token/get"",""avg_ms"":471,""max_ms"":471,""calls"":1,""slow"":0},{""endpoint"":""GET /api/logging/queried-patient-list/by-doctor?page=1&size=5"",""avg_ms"":322,""max_ms"":322,""calls"":1,""slow"":0},{""endpoint"":""POST /api/auth/activate/mdp?mdp_id=163"",""avg_ms"":244,""max_ms"":244,""calls"":1,""slow"":0},{""endpoint"":""POST /api/patient/doctor-search"",""avg_ms"":171,""max_ms"":171,""calls"":1,""slow"":0},{""endpoint"":""POST /api/patient/demographic"",""avg_ms"":163,""max_ms"":163,""calls"":1,""slow"":0},{""endpoint"":""GET /api/user/user-info"",""avg_ms"":127,""max_ms"":143,""calls"":2,""slow"":0},{""endpoint"":""POST /api/auth/refresh-token"",""avg_ms"":112,""max_ms"":134,""calls"":2,""slow"":0},{""endpoint"":""GET /api/consent-form/terms-and-conditions"",""avg_ms"":100,""max_ms"":100,""calls"":1,""slow"":0}]",5.0,1.5
run-1774238870111-46d2mf,2026-03-23T11:07:50,hie,uat,morning,ช้ากว่าปกติ,,36.2,2026-03-23,2026-W13,PASS,PASS,PASS,PASS,PASS,6.2,0,16.8,13.2,0,5,0,0,5,B,57,19,7,0.8,0.4,2.7,4.3,4.3,/api/consent/out/doctor/request/by-case,0.1,0.7,Good,Good,4,4,true,1,0,16.8,S3_001,Wait for Patient Data Sync,TC-01:PASS | TC-02:PASS | TC-03:PASS | TC-04:PASS | TC-05:PASS,,,POST /api/consent/out/doctor/request/by-case 4279ms(200) | POST /api/hospital/hos-resource-status/get 2732ms(200) | POST /api/patient/fhir-data-pulling/trigger 2713ms(200) | POST /api/hospital/hos-resource-status/get 2598ms(200) | POST /api/fhir 2587ms(200),,"[{""step"":""S3_001"",""action"":""Wait for Patient Data Sync"",""ms"":16782},{""step"":""S1_001"",""action"":""Login as OTHERS"",""ms"":6229},{""step"":""S4_001"",""action"":""Request Consent & Confirm Modal"",""ms"":4864},{""step"":""S4_002"",""action"":""Gmail API: Poll for Consent Email"",""ms"":4847},{""step"":""S4_003"",""action"":""Open Consent Link in New Tab"",""ms"":3466}]","[{""endpoint"":""POST /api/consent/out/doctor/request/by-case"",""avg_ms"":4279,""max_ms"":4279,""calls"":1,""slow"":1},{""endpoint"":""POST /api/hospital/hos-resource-status/get"",""avg_ms"":2325,""max_ms"":2732,""calls"":3,""slow"":3},{""endpoint"":""POST /api/patient/fhir-data-pulling/trigger"",""avg_ms"":2713,""max_ms"":2713,""calls"":1,""slow"":1},{""endpoint"":""POST /api/fhir"",""avg_ms"":1179,""max_ms"":2587,""calls"":5,""slow"":2},{""endpoint"":""GET /api/patient/fhir-data-pulling/status/server/08ddb424-50b6-4b0c-9317-7a005765..."",""avg_ms"":526,""max_ms"":949,""calls"":4,""slow"":0},{""endpoint"":""GET /api/patient/fhir-data-pulling/status/server/79224c21-d8c5-461c-8735-2fa22dd8..."",""avg_ms"":538,""max_ms"":943,""calls"":4,""slow"":0},{""endpoint"":""POST /api/consent/out/summary/get"",""avg_ms"":474,""max_ms"":765,""calls"":3,""slow"":0},{""endpoint"":""POST /api/patient/fhir-info/mdps"",""avg_ms"":536,""max_ms"":644,""calls"":2,""slow"":0},{""endpoint"":""GET /api/patient/consent-out/channel?patient_id=779269"",""avg_ms"":629,""max_ms"":629,""calls"":1,""slow"":0},{""endpoint"":""GET /api/patient/client-mgmt-ws-token/get"",""avg_ms"":418,""max_ms"":418,""calls"":1,""slow"":0},{""endpoint"":""GET /api/referral/mdp/status"",""avg_ms"":409,""max_ms"":409,""calls"":1,""slow"":0},{""endpoint"":""POST /api/auth/login/with-form-data"",""avg_ms"":382,""max_ms"":382,""calls"":1,""slow"":0},{""endpoint"":""GET /api/logging/queried-patient-list/by-doctor?page=1&size=5"",""avg_ms"":247,""max_ms"":247,""calls"":1,""slow"":0},{""endpoint"":""POST /api/patient/doctor-search"",""avg_ms"":232,""max_ms"":232,""calls"":1,""slow"":0},{""endpoint"":""POST /api/patient/demographic"",""avg_ms"":87,""max_ms"":87,""calls"":1,""slow"":0},{""endpoint"":""GET /api/user/user-info"",""avg_ms"":72,""max_ms"":77,""calls"":2,""slow"":0},{""endpoint"":""POST /api/auth/refresh-token"",""avg_ms"":64,""max_ms"":75,""calls"":2,""slow"":0},{""endpoint"":""POST /api/auth/activate/mdp?mdp_id=163"",""avg_ms"":61,""max_ms"":61,""calls"":1,""slow"":0},{""endpoint"":""GET /api/consent-form/terms-and-conditions"",""avg_ms"":57,""max_ms"":57,""calls"":1,""slow"":0}]",5.0,1.5
run-1774244110648-xkt60p,2026-03-23T12:35:10,hie,uat,afternoon,ช้ากว่าปกติ,,55.8,2026-03-23,2026-W13,PASS,PASS,PASS,PASS,PASS,6.4,0,35.4,10.8,3.2,5,0,0,5,B,64,19,5,0.6,0.4,1.8,5.1,5.1,/api/consent/out/doctor/request/by-case,0,0.4,Good,Good,4,4,true,1,0,35.4,S3_001,Wait for Patient Data Sync,TC-01:PASS | TC-02:PASS | TC-03:PASS | TC-04:PASS | TC-05:PASS,,,POST /api/consent/out/doctor/request/by-case 5129ms(200) | POST /api/patient/fhir-data-pulling/trigger 2301ms(200) | POST /api/hospital/hos-resource-status/get 1789ms(200) | POST /api/hospital/hos-resource-status/get 1699ms(200) | POST /api/fhir 1552ms(200),,"[{""step"":""S3_001"",""action"":""Wait for Patient Data Sync"",""ms"":35437},{""step"":""S1_001"",""action"":""Login as OTHERS"",""ms"":6388},{""step"":""S4_001"",""action"":""Request Consent & Confirm Modal"",""ms"":6072},{""step"":""S4_002"",""action"":""Gmail API: Poll for Consent Email"",""ms"":4737},{""step"":""S5_001"",""action"":""Generate System Health Report"",""ms"":3155}]","[{""endpoint"":""POST /api/consent/out/doctor/request/by-case"",""avg_ms"":5129,""max_ms"":5129,""calls"":1,""slow"":1},{""endpoint"":""POST /api/patient/fhir-data-pulling/trigger"",""avg_ms"":2301,""max_ms"":2301,""calls"":1,""slow"":1},{""endpoint"":""POST /api/hospital/hos-resource-status/get"",""avg_ms"":1744,""max_ms"":1789,""calls"":2,""slow"":2},{""endpoint"":""POST /api/fhir"",""avg_ms"":772,""max_ms"":1552,""calls"":5,""slow"":1},{""endpoint"":""POST /api/consent/out/summary/get"",""avg_ms"":442,""max_ms"":1145,""calls"":4,""slow"":0},{""endpoint"":""POST /api/patient/fhir-info/mdps"",""avg_ms"":552,""max_ms"":1001,""calls"":4,""slow"":0},{""endpoint"":""GET /api/patient/consent-out/channel?patient_id=779269"",""avg_ms"":965,""max_ms"":965,""calls"":1,""slow"":0},{""endpoint"":""GET /api/patient/fhir-data-pulling/status/server/20782e4a-db2e-4844-99f4-cd894f40..."",""avg_ms"":384,""max_ms"":900,""calls"":11,""slow"":0},{""endpoint"":""POST /api/auth/login/with-form-data"",""avg_ms"":588,""max_ms"":588,""calls"":1,""slow"":0},{""endpoint"":""GET /api/patient/fhir-data-pulling/status/server/180d10ac-87b7-4079-958c-943b8d10..."",""avg_ms"":481,""max_ms"":570,""calls"":3,""slow"":0},{""endpoint"":""GET /api/logging/queried-patient-list/by-doctor?page=1&size=5"",""avg_ms"":445,""max_ms"":445,""calls"":1,""slow"":0},{""endpoint"":""GET /api/referral/mdp/status"",""avg_ms"":390,""max_ms"":390,""calls"":1,""slow"":0},{""endpoint"":""GET /api/patient/client-mgmt-ws-token/get"",""avg_ms"":380,""max_ms"":380,""calls"":1,""slow"":0},{""endpoint"":""GET /api/user/user-info"",""avg_ms"":115,""max_ms"":154,""calls"":2,""slow"":0},{""endpoint"":""POST /api/patient/demographic"",""avg_ms"":88,""max_ms"":88,""calls"":1,""slow"":0},{""endpoint"":""POST /api/auth/refresh-token"",""avg_ms"":61,""max_ms"":83,""calls"":2,""slow"":0},{""endpoint"":""POST /api/auth/activate/mdp?mdp_id=163"",""avg_ms"":78,""max_ms"":78,""calls"":1,""slow"":0},{""endpoint"":""POST /api/patient/doctor-search"",""avg_ms"":62,""max_ms"":62,""calls"":1,""slow"":0},{""endpoint"":""GET /api/consent-form/terms-and-conditions"",""avg_ms"":42,""max_ms"":42,""calls"":1,""slow"":0}]",5.0,1.5
run-1774257133007-konm0x,2026-03-23T16:12:13,hie,uat,afternoon,ช้ากว่าปกติ,,35.4,2026-03-23,2026-W13,PASS,PASS,PASS,PASS,PASS,6.5,0,15.5,13.5,0,5,0,0,5,B,56,19,5,0.9,0.8,3.2,4.4,4.4,/api/consent/out/doctor/request/by-case,0.2,1.2,Good,Good,4,4,true,1,0,15.5,S3_001,Wait for Patient Data Sync,TC-01:PASS | TC-02:PASS | TC-03:PASS | TC-04:PASS | TC-05:PASS,,,POST /api/consent/out/doctor/request/by-case 4413ms(200) | POST /api/patient/fhir-data-pulling/trigger 3150ms(200) | POST /api/fhir 2684ms(200) | POST /api/fhir 2045ms(200) | POST /api/hospital/hos-resource-status/get 1987ms(200),,"[{""step"":""S3_001"",""action"":""Wait for Patient Data Sync"",""ms"":15450},{""step"":""S1_001"",""action"":""Login as OTHERS"",""ms"":6485},{""step"":""S4_001"",""action"":""Request Consent & Confirm Modal"",""ms"":5468},{""step"":""S4_002"",""action"":""Gmail API: Poll for Consent Email"",""ms"":4778},{""step"":""S4_004"",""action"":""Click Check Consent Button"",""ms"":3216}]","[{""endpoint"":""POST /api/consent/out/doctor/request/by-case"",""avg_ms"":4413,""max_ms"":4413,""calls"":1,""slow"":1},{""endpoint"":""POST /api/patient/fhir-data-pulling/trigger"",""avg_ms"":3150,""max_ms"":3150,""calls"":1,""slow"":1},{""endpoint"":""POST /api/fhir"",""avg_ms"":1333,""max_ms"":2684,""calls"":5,""slow"":2},{""endpoint"":""POST /api/hospital/hos-resource-status/get"",""avg_ms"":1235,""max_ms"":1987,""calls"":3,""slow"":1},{""endpoint"":""GET /api/patient/fhir-data-pulling/status/server/afbe1df9-cdab-483e-832e-2ffde8f4..."",""avg_ms"":781,""max_ms"":981,""calls"":4,""slow"":0},{""endpoint"":""GET /api/patient/fhir-data-pulling/status/server/040ab3f1-8edf-411a-b7b9-5c10b76a..."",""avg_ms"":892,""max_ms"":968,""calls"":3,""slow"":0},{""endpoint"":""POST /api/consent/out/summary/get"",""avg_ms"":464,""max_ms"":788,""calls"":3,""slow"":0},{""endpoint"":""POST /api/patient/fhir-info/mdps"",""avg_ms"":702,""max_ms"":783,""calls"":2,""slow"":0},{""endpoint"":""GET /api/logging/queried-patient-list/by-doctor?page=1&size=5"",""avg_ms"":769,""max_ms"":769,""calls"":1,""slow"":0},{""endpoint"":""GET /api/patient/consent-out/channel?patient_id=779269"",""avg_ms"":762,""max_ms"":762,""calls"":1,""slow"":0},{""endpoint"":""GET /api/patient/client-mgmt-ws-token/get"",""avg_ms"":717,""max_ms"":717,""calls"":1,""slow"":0},{""endpoint"":""POST /api/auth/login/with-form-data"",""avg_ms"":543,""max_ms"":543,""calls"":1,""slow"":0},{""endpoint"":""GET /api/referral/mdp/status"",""avg_ms"":498,""max_ms"":498,""calls"":1,""slow"":0},{""endpoint"":""POST /api/patient/demographic"",""avg_ms"":174,""max_ms"":174,""calls"":1,""slow"":0},{""endpoint"":""POST /api/auth/activate/mdp?mdp_id=163"",""avg_ms"":137,""max_ms"":137,""calls"":1,""slow"":0},{""endpoint"":""GET /api/user/user-info"",""avg_ms"":130,""max_ms"":133,""calls"":2,""slow"":0},{""endpoint"":""POST /api/auth/refresh-token"",""avg_ms"":115,""max_ms"":132,""calls"":2,""slow"":0},{""endpoint"":""GET /api/consent-form/terms-and-conditions"",""avg_ms"":103,""max_ms"":103,""calls"":1,""slow"":0},{""endpoint"":""POST /api/patient/doctor-search"",""avg_ms"":101,""max_ms"":101,""calls"":1,""slow"":0}]",5.0,1.5
run-1774319088990-z0od3e,2026-03-24T09:24:48,hie,uat,morning,ช้ากว่าปกติ,,59.1,2026-03-24,2026-W13,PASS,PASS,PASS,PASS,PASS,6.3,0,38.4,11.1,3.3,5,0,0,5,B,58,19,3,0.8,0.4,1.8,5.1,5.1,/api/consent/out/doctor/request/by-case,0,0.5,Good,Good,4,4,true,1,0,38.4,S3_001,Wait for Patient Data Sync,TC-01:PASS | TC-02:PASS | TC-03:PASS | TC-04:PASS | TC-05:PASS,,,POST /api/consent/out/doctor/request/by-case 5094ms(200) | POST /api/patient/fhir-data-pulling/trigger 2772ms(200) | POST /api/fhir 1812ms(200) | POST /api/hospital/hos-resource-status/get 1415ms(200) | GET /api/patient/fhir-data-pulling/status/server/1020eb91-c94d-4ab9-a94f-aa64dc10... 1334ms(200),,"[{""step"":""S3_001"",""action"":""Wait for Patient Data Sync"",""ms"":38428},{""step"":""S1_001"",""action"":""Login as OTHERS"",""ms"":6276},{""step"":""S4_001"",""action"":""Request Consent & Confirm Modal"",""ms"":6276},{""step"":""S4_002"",""action"":""Gmail API: Poll for Consent Email"",""ms"":4831},{""step"":""S5_001"",""action"":""Generate System Health Report"",""ms"":3292}]","[{""endpoint"":""POST /api/consent/out/doctor/request/by-case"",""avg_ms"":5094,""max_ms"":5094,""calls"":1,""slow"":1},{""endpoint"":""POST /api/patient/fhir-data-pulling/trigger"",""avg_ms"":2772,""max_ms"":2772,""calls"":1,""slow"":1},{""endpoint"":""POST /api/fhir"",""avg_ms"":1161,""max_ms"":1812,""calls"":4,""slow"":1},{""endpoint"":""POST /api/hospital/hos-resource-status/get"",""avg_ms"":1329,""max_ms"":1415,""calls"":2,""slow"":0},{""endpoint"":""GET /api/patient/fhir-data-pulling/status/server/1020eb91-c94d-4ab9-a94f-aa64dc10..."",""avg_ms"":580,""max_ms"":1334,""calls"":11,""slow"":0},{""endpoint"":""POST /api/patient/fhir-info/mdps"",""avg_ms"":947,""max_ms"":1321,""calls"":3,""slow"":0},{""endpoint"":""POST /api/consent/out/summary/get"",""avg_ms"":543,""max_ms"":1321,""calls"":4,""slow"":0},{""endpoint"":""GET /api/patient/consent-out/channel?patient_id=779269"",""avg_ms"":1321,""max_ms"":1321,""calls"":1,""slow"":0},{""endpoint"":""GET /api/logging/queried-patient-list/by-doctor?page=1&size=5"",""avg_ms"":739,""max_ms"":739,""calls"":1,""slow"":0},{""endpoint"":""GET /api/patient/client-mgmt-ws-token/get"",""avg_ms"":482,""max_ms"":482,""calls"":1,""slow"":0},{""endpoint"":""GET /api/patient/fhir-data-pulling/status/server/a6fa33be-c599-4581-a54f-365ef84e..."",""avg_ms"":403,""max_ms"":417,""calls"":3,""slow"":0},{""endpoint"":""GET /api/referral/mdp/status"",""avg_ms"":412,""max_ms"":412,""calls"":1,""slow"":0},{""endpoint"":""POST /api/auth/login/with-form-data"",""avg_ms"":386,""max_ms"":386,""calls"":1,""slow"":0},{""endpoint"":""POST /api/patient/demographic"",""avg_ms"":96,""max_ms"":96,""calls"":1,""slow"":0},{""endpoint"":""POST /api/auth/refresh-token"",""avg_ms"":74,""max_ms"":95,""calls"":2,""slow"":0},{""endpoint"":""GET /api/user/user-info"",""avg_ms"":74,""max_ms"":88,""calls"":2,""slow"":0},{""endpoint"":""POST /api/auth/activate/mdp?mdp_id=163"",""avg_ms"":75,""max_ms"":75,""calls"":1,""slow"":0},{""endpoint"":""POST /api/patient/doctor-search"",""avg_ms"":69,""max_ms"":69,""calls"":1,""slow"":0},{""endpoint"":""GET /api/consent-form/terms-and-conditions"",""avg_ms"":68,""max_ms"":68,""calls"":1,""slow"":0}]",5.0,1.5
run-1774339527337-xwgtcx,2026-03-24T15:05:27,hie,uat,afternoon,ช้ากว่าปกติ,,37.4,2026-03-24,2026-W13,PASS,PASS,PASS,PASS,PASS,6.2,0,18.1,9.9,3.1,5,0,0,5,B,46,19,6,0.9,0.5,3.7,4.1,4.1,/api/consent/out/doctor/request/by-case,0,3.1,Good,Needs Improvement,4,4,true,1,0,18.1,S3_001,Wait for Patient Data Sync,TC-01:PASS | TC-02:PASS | TC-03:PASS | TC-04:PASS | TC-05:PASS,,,POST /api/consent/out/doctor/request/by-case 4075ms(200) | POST /api/patient/fhir-data-pulling/trigger 3677ms(200) | POST /api/hospital/hos-resource-status/get 3665ms(200) | POST /api/fhir 2646ms(200) | POST /api/fhir 2120ms(200),,"[{""step"":""S3_001"",""action"":""Wait for Patient Data Sync"",""ms"":18130},{""step"":""S1_001"",""action"":""Login as OTHERS"",""ms"":6185},{""step"":""S4_001"",""action"":""Request Consent & Confirm Modal"",""ms"":5070},{""step"":""S4_002"",""action"":""Gmail API: Poll for Consent Email"",""ms"":4830},{""step"":""S5_001"",""action"":""Generate System Health Report"",""ms"":3145}]","[{""endpoint"":""POST /api/consent/out/doctor/request/by-case"",""avg_ms"":4075,""max_ms"":4075,""calls"":1,""slow"":1},{""endpoint"":""POST /api/patient/fhir-data-pulling/trigger"",""avg_ms"":3677,""max_ms"":3677,""calls"":1,""slow"":1},{""endpoint"":""POST /api/hospital/hos-resource-status/get"",""avg_ms"":3665,""max_ms"":3665,""calls"":1,""slow"":1},{""endpoint"":""POST /api/fhir"",""avg_ms"":2260,""max_ms"":2646,""calls"":3,""slow"":3},{""endpoint"":""POST /api/consent/out/summary/get"",""avg_ms"":563,""max_ms"":1328,""calls"":4,""slow"":0},{""endpoint"":""GET /api/patient/consent-out/channel?patient_id=779269"",""avg_ms"":1325,""max_ms"":1325,""calls"":1,""slow"":0},{""endpoint"":""POST /api/patient/fhir-info/mdps"",""avg_ms"":841,""max_ms"":1324,""calls"":3,""slow"":0},{""endpoint"":""GET /api/patient/fhir-data-pulling/status/server/b2e0d4d0-a087-4471-9f8b-f151a526..."",""avg_ms"":666,""max_ms"":774,""calls"":3,""slow"":0},{""endpoint"":""GET /api/patient/fhir-data-pulling/status/server/9558408e-6632-42e6-b5c1-19973147..."",""avg_ms"":553,""max_ms"":766,""calls"":5,""slow"":0},{""endpoint"":""GET /api/logging/queried-patient-list/by-doctor?page=1&size=5"",""avg_ms"":660,""max_ms"":660,""calls"":1,""slow"":0},{""endpoint"":""GET /api/referral/mdp/status"",""avg_ms"":404,""max_ms"":404,""calls"":1,""slow"":0},{""endpoint"":""POST /api/auth/login/with-form-data"",""avg_ms"":396,""max_ms"":396,""calls"":1,""slow"":0},{""endpoint"":""GET /api/patient/client-mgmt-ws-token/get"",""avg_ms"":386,""max_ms"":386,""calls"":1,""slow"":0},{""endpoint"":""POST /api/auth/refresh-token"",""avg_ms"":63,""max_ms"":80,""calls"":2,""slow"":0},{""endpoint"":""POST /api/patient/demographic"",""avg_ms"":72,""max_ms"":72,""calls"":1,""slow"":0},{""endpoint"":""GET /api/user/user-info"",""avg_ms"":62,""max_ms"":70,""calls"":2,""slow"":0},{""endpoint"":""POST /api/patient/doctor-search"",""avg_ms"":63,""max_ms"":63,""calls"":1,""slow"":0},{""endpoint"":""POST /api/auth/activate/mdp?mdp_id=163"",""avg_ms"":59,""max_ms"":59,""calls"":1,""slow"":0},{""endpoint"":""GET /api/consent-form/terms-and-conditions"",""avg_ms"":41,""max_ms"":41,""calls"":1,""slow"":0}]",5.0,1.5
run-1774493301252-sdx5k1,2026-03-26T09:48:21,hie,uat,morning,ผิดปกติ,https://staging-legacy.healthlink.go.th/,40.6,2026-03-26,2026-W13,PASS,PASS,PASS,FAIL,SKIP,10.1,3.4,20.2,6.5,0,3,1,1,5,D,51,19,4,0.8,0.4,2.8,5.4,5.4,/api/consent/out/doctor/request/by-case,0,0,N/A,N/A,4,4,true,1,0,20.2,S3_001,Wait for Patient Data Sync,"TC-01:PASS | TC-02:PASS | TC-03:PASS | TC-04:FAIL([Gmail:HIE] Token Expired!
  Error: Gmail OAuth refresh t...) | TC-05:SKIP(Not executed)",TC-04,"TC-04: [Gmail:HIE] Token Expired!
  Error: Gmail OAuth refresh token has expired or ... | TC-05: Not executed",POST /api/consent/out/doctor/request/by-case 5417ms(200) | POST /api/patient/fhir-data-pulling/trigger 2790ms(200) | POST /api/hospital/hos-resource-status/get 2779ms(200) | POST /api/fhir 2509ms(200) | POST /api/consent/out/summary/get 1453ms(200),,"[{""step"":""S3_001"",""action"":""Wait for Patient Data Sync"",""ms"":20160},{""step"":""S1_001"",""action"":""Login as OTHERS"",""ms"":6405},{""step"":""S4_001"",""action"":""Request Consent & Confirm Modal"",""ms"":6279},{""step"":""S1_000"",""action"":""Pre-flight: Site Health Check"",""ms"":3256},{""step"":""S2_001"",""action"":""Select Working Hospital"",""ms"":2014},{""step"":""S2_002"",""action"":""Search Patient by CID"",""ms"":1429},{""step"":""S1_002"",""action"":""Verify login success"",""ms"":433},{""step"":""S4_002"",""action"":""Gmail API: Poll for Consent Email"",""ms"":223},{""step"":""S3_002"",""action"":""SLA Check: sync < 60s"",""ms"":1},{""step"":""S3_003"",""action"":""Verify sync data completeness"",""ms"":1}]","[{""endpoint"":""POST /api/consent/out/doctor/request/by-case"",""avg_ms"":5417,""max_ms"":5417,""calls"":1,""slow"":1},{""endpoint"":""POST /api/patient/fhir-data-pulling/trigger"",""avg_ms"":2790,""max_ms"":2790,""calls"":1,""slow"":1},{""endpoint"":""POST /api/hospital/hos-resource-status/get"",""avg_ms"":2779,""max_ms"":2779,""calls"":1,""slow"":1},{""endpoint"":""POST /api/fhir"",""avg_ms"":1425,""max_ms"":2509,""calls"":4,""slow"":1},{""endpoint"":""POST /api/consent/out/summary/get"",""avg_ms"":798,""max_ms"":1453,""calls"":2,""slow"":0},{""endpoint"":""POST /api/patient/fhir-info/mdps"",""avg_ms"":782,""max_ms"":1452,""calls"":4,""slow"":0},{""endpoint"":""GET /api/patient/consent-out/channel?patient_id=779269"",""avg_ms"":1427,""max_ms"":1427,""calls"":1,""slow"":0},{""endpoint"":""POST /api/auth/login/with-form-data"",""avg_ms"":564,""max_ms"":564,""calls"":1,""slow"":0},{""endpoint"":""GET /api/referral/mdp/status"",""avg_ms"":496,""max_ms"":496,""calls"":1,""slow"":0},{""endpoint"":""GET /api/patient/fhir-data-pulling/status/server/a3d0a73f-f836-487d-840e-4f588a11..."",""avg_ms"":388,""max_ms"":404,""calls"":4,""slow"":0},{""endpoint"":""GET /api/patient/fhir-data-pulling/status/server/0acb2879-3ce2-424f-814a-d36b6ed3..."",""avg_ms"":360,""max_ms"":395,""calls"":4,""slow"":0},{""endpoint"":""GET /api/patient/client-mgmt-ws-token/get"",""avg_ms"":332,""max_ms"":332,""calls"":1,""slow"":0},{""endpoint"":""POST /api/auth/activate/mdp?mdp_id=163"",""avg_ms"":220,""max_ms"":220,""calls"":1,""slow"":0},{""endpoint"":""POST /api/auth/refresh-token"",""avg_ms"":139,""max_ms"":217,""calls"":2,""slow"":0},{""endpoint"":""GET /api/logging/queried-patient-list/by-doctor?page=1&size=5"",""avg_ms"":191,""max_ms"":191,""calls"":1,""slow"":0},{""endpoint"":""POST /api/patient/demographic"",""avg_ms"":161,""max_ms"":161,""calls"":1,""slow"":0},{""endpoint"":""GET /api/user/user-info"",""avg_ms"":151,""max_ms"":155,""calls"":2,""slow"":0},{""endpoint"":""POST /api/patient/doctor-search"",""avg_ms"":143,""max_ms"":143,""calls"":1,""slow"":0},{""endpoint"":""GET /api/consent-form/terms-and-conditions"",""avg_ms"":120,""max_ms"":120,""calls"":1,""slow"":0}]",5.0,1.5
run-1774510660598-hxiw6v,2026-03-26T14:37:40,hie,uat,afternoon,ช้ากว่าปกติ,https://staging-legacy.healthlink.go.th/,53.3,2026-03-26,2026-W13,PASS,PASS,PASS,PASS,PASS,10.3,3.5,19.6,16.3,3.1,5,0,0,5,B,50,19,5,0.9,0.5,3.6,5.1,5.1,/api/consent/out/doctor/request/by-case,0.3,4.1,Good,Poor,4,4,true,1,0,19.6,S3_001,Wait for Patient Data Sync,TC-01:PASS | TC-02:PASS | TC-03:PASS | TC-04:PASS | TC-05:PASS,,,POST /api/consent/out/doctor/request/by-case 5100ms(200) | POST /api/patient/fhir-data-pulling/trigger 3596ms(200) | POST /api/fhir 3437ms(200) | POST /api/fhir 2252ms(200) | POST /api/fhir 2201ms(200),,"[{""step"":""S3_001"",""action"":""Wait for Patient Data Sync"",""ms"":19550},{""step"":""S1_001"",""action"":""Login as OTHERS"",""ms"":6223},{""step"":""S4_001"",""action"":""Request Consent & Confirm Modal"",""ms"":6068},{""step"":""S4_002"",""action"":""Gmail API: Poll for Consent Email"",""ms"":4686},{""step"":""S1_000"",""action"":""Pre-flight: Site Health Check"",""ms"":3685},{""step"":""S5_001"",""action"":""Generate System Health Report"",""ms"":3112},{""step"":""S4_004"",""action"":""Click Check Consent Button"",""ms"":2728},{""step"":""S4_003"",""action"":""Open Consent Link in New Tab"",""ms"":2557},{""step"":""S2_002"",""action"":""Search Patient by CID"",""ms"":2104},{""step"":""S2_001"",""action"":""Select Working Hospital"",""ms"":1363},{""step"":""S1_002"",""action"":""Verify login success"",""ms"":421},{""step"":""S4_005"",""action"":""Verify Consent Result"",""ms"":259},{""step"":""S3_002"",""action"":""SLA Check: sync < 60s"",""ms"":1},{""step"":""S3_003"",""action"":""Verify sync data completeness"",""ms"":0},{""step"":""S5_002"",""action"":""Performance Grading"",""ms"":0},{""step"":""S5_003"",""action"":""Determine Overall Status"",""ms"":0}]","[{""endpoint"":""POST /api/consent/out/doctor/request/by-case"",""avg_ms"":5100,""max_ms"":5100,""calls"":1,""slow"":1},{""endpoint"":""POST /api/patient/fhir-data-pulling/trigger"",""avg_ms"":3596,""max_ms"":3596,""calls"":1,""slow"":1},{""endpoint"":""POST /api/fhir"",""avg_ms"":2124,""max_ms"":3437,""calls"":4,""slow"":3},{""endpoint"":""GET /api/patient/consent-out/channel?patient_id=779269"",""avg_ms"":1298,""max_ms"":1298,""calls"":1,""slow"":0},{""endpoint"":""POST /api/patient/fhir-info/mdps"",""avg_ms"":809,""max_ms"":1241,""calls"":3,""slow"":0},{""endpoint"":""GET /api/patient/fhir-data-pulling/status/server/4610c800-d135-48c8-af76-3e25cac0..."",""avg_ms"":650,""max_ms"":899,""calls"":4,""slow"":0},{""endpoint"":""GET /api/patient/fhir-data-pulling/status/server/36369eac-c2ec-46f0-be32-a9490831..."",""avg_ms"":679,""max_ms"":898,""calls"":4,""slow"":0},{""endpoint"":""POST /api/hospital/hos-resource-status/get"",""avg_ms"":615,""max_ms"":615,""calls"":1,""slow"":0},{""endpoint"":""POST /api/consent/out/summary/get"",""avg_ms"":406,""max_ms"":543,""calls"":4,""slow"":0},{""endpoint"":""POST /api/patient/demographic"",""avg_ms"":538,""max_ms"":538,""calls"":1,""slow"":0},{""endpoint"":""GET /api/logging/queried-patient-list/by-doctor?page=1&size=5"",""avg_ms"":519,""max_ms"":519,""calls"":1,""slow"":0},{""endpoint"":""GET /api/referral/mdp/status"",""avg_ms"":485,""max_ms"":485,""calls"":1,""slow"":0},{""endpoint"":""POST /api/auth/login/with-form-data"",""avg_ms"":436,""max_ms"":436,""calls"":1,""slow"":0},{""endpoint"":""GET /api/patient/client-mgmt-ws-token/get"",""avg_ms"":424,""max_ms"":424,""calls"":1,""slow"":0},{""endpoint"":""GET /api/user/user-info"",""avg_ms"":122,""max_ms"":129,""calls"":2,""slow"":0},{""endpoint"":""POST /api/auth/refresh-token"",""avg_ms"":110,""max_ms"":128,""calls"":2,""slow"":0},{""endpoint"":""POST /api/auth/activate/mdp?mdp_id=163"",""avg_ms"":119,""max_ms"":119,""calls"":1,""slow"":0},{""endpoint"":""POST /api/patient/doctor-search"",""avg_ms"":110,""max_ms"":110,""calls"":1,""slow"":0},{""endpoint"":""GET /api/consent-form/terms-and-conditions"",""avg_ms"":97,""max_ms"":97,""calls"":1,""slow"":0}]",5.0,1.5
